<?xml version='1.0' encoding='UTF-8'?>
<image h="4400" w="1920"><stack><layer composite-op="svg:src-over" name="12 Col Grid" opacity="0.0392156862745" src="data/000.png" visibility="hidden" x="374" y="0" /><stack composite-op="svg:src-over" name="Work" opacity="1.0" visibility="visible"><stack composite-op="svg:src-over" name="Work 1" opacity="1.0" visibility="visible"><layer composite-op="svg:src-over" name="Composite Path #4" opacity="1.0" src="data/002-001-000.png" visibility="visible" x="275" y="634" /><layer composite-op="svg:src-over" name="Lorem ipsum dolor si #4" opacity="1.0" src="data/002-001-001.png" visibility="visible" x="177" y="806" /><layer composite-op="svg:src-over" name="Tell Us Your Idea" opacity="1.0" src="data/002-001-002.png" visibility="visible" x="241" y="757" /><layer composite-op="svg:src-over" name="shape #2" opacity="1.0" src="data/002-001-003.png" visibility="visible" x="0" y="549" /></stack><stack composite-op="svg:src-over" name="Work 2" opacity="1.0" visibility="visible"><layer composite-op="svg:src-over" name="Composite Path #3" opacity="1.0" src="data/002-002-000.png" visibility="visible" x="917" y="628" /><layer composite-op="svg:src-over" name="We Will Do All The W" opacity="1.0" src="data/002-002-001.png" visibility="visible" x="848" y="757" /><layer composite-op="svg:src-over" name="Lorem ipsum dolor si #3" opacity="1.0" src="data/002-002-002.png" visibility="visible" x="821" y="806" /><layer composite-op="svg:src-over" name="shape #1" opacity="1.0" src="data/002-002-003.png" visibility="visible" x="638" y="549" /></stack><stack composite-op="svg:src-over" name="Work 3" opacity="1.0" visibility="visible"><layer composite-op="svg:src-over" name="Composite Path #2" opacity="1.0" src="data/002-003-000.png" visibility="visible" x="1561" y="641" /><layer composite-op="svg:src-over" name="Your Product is Worl" opacity="1.0" src="data/002-003-001.png" visibility="visible" x="1479" y="757" /><layer composite-op="svg:src-over" name="Lorem ipsum dolor si #2" opacity="1.0" src="data/002-003-002.png" visibility="visible" x="1451" y="806" /><layer composite-op="svg:src-over" name="shape" opacity="1.0" src="data/002-003-003.png" visibility="visible" x="1278" y="549" /></stack></stack><stack composite-op="svg:src-over" name="Header" opacity="1.0" visibility="visible"><stack composite-op="svg:src-over" name="Navbar" opacity="1.0" visibility="visible"><layer composite-op="svg:src-over" name="Logo" opacity="1.0" src="data/003-001-000.png" visibility="visible" x="389" y="35" /><layer composite-op="svg:src-over" name="Composite Path #1" opacity="1.0" src="data/003-001-001.png" visibility="visible" x="1415" y="41" /></stack><layer composite-op="svg:src-over" name="We are Leon - Super" opacity="1.0" src="data/003-001.png" visibility="visible" x="780" y="244" /><layer composite-op="svg:src-over" name="Hello There!" opacity="1.0" src="data/003-002.png" visibility="visible" x="812" y="142" /><layer composite-op="svg:src-over" name="Image #5" opacity="1.0" src="data/003-003.png" visibility="visible" x="-1" y="90" /></stack><stack composite-op="svg:src-over" name="Services" opacity="1.0" visibility="visible"><layer composite-op="svg:src-over" name="Don't be busy, be pr" opacity="1.0" src="data/004-000.png" visibility="visible" x="801" y="1125" /><layer composite-op="svg:src-over" name="services" opacity="1.0" src="data/004-001.png" visibility="visible" x="648" y="1020" /><layer composite-op="svg:src-over" name="IMAGE" opacity="1.0" src="data/004-002.png" visibility="visible" x="1202" y="1292" /><layer composite-op="svg:src-over" name="Path #10" opacity="1.0" src="data/004-003.png" visibility="visible" x="1443" y="1239" /><stack composite-op="svg:src-over" name="Services 1" opacity="1.0" visibility="visible"><layer composite-op="svg:src-over" name="Icon #3" opacity="1.0" src="data/004-005-000.png" visibility="visible" x="390" y="1299" /><layer composite-op="svg:src-over" name="Graphic design is th" opacity="1.0" src="data/004-005-001.png" visibility="visible" x="478" y="1353" /><layer composite-op="svg:src-over" name="Graphic Design" opacity="1.0" src="data/004-005-002.png" visibility="visible" x="478" y="1296" /></stack><stack composite-op="svg:src-over" name="Services 2" opacity="1.0" visibility="visible"><layer composite-op="svg:src-over" name="Icon #2" opacity="1.0" src="data/004-006-000.png" visibility="visible" x="794" y="1299" /><layer composite-op="svg:src-over" name="Web design encompass" opacity="1.0" src="data/004-006-001.png" visibility="visible" x="878" y="1353" /><layer composite-op="svg:src-over" name="Web Design" opacity="1.0" src="data/004-006-002.png" visibility="visible" x="878" y="1296" /></stack><stack composite-op="svg:src-over" name="Services 3" opacity="1.0" visibility="visible"><layer composite-op="svg:src-over" name="Icon #1" opacity="1.0" src="data/004-007-000.png" visibility="visible" x="392" y="1494" /><layer composite-op="svg:src-over" name="Process of enhancing" opacity="1.0" src="data/004-007-001.png" visibility="visible" x="478" y="1550" /><layer composite-op="svg:src-over" name="UI &amp; UX" opacity="1.0" src="data/004-007-002.png" visibility="visible" x="478" y="1494" /></stack><stack composite-op="svg:src-over" name="Services 4" opacity="1.0" visibility="visible"><layer composite-op="svg:src-over" name="Icon" opacity="1.0" src="data/004-008-000.png" visibility="visible" x="791" y="1497" /><layer composite-op="svg:src-over" name="Web development is a" opacity="1.0" src="data/004-008-001.png" visibility="visible" x="878" y="1550" /><layer composite-op="svg:src-over" name="Web Development" opacity="1.0" src="data/004-008-002.png" visibility="visible" x="878" y="1493" /></stack></stack><stack composite-op="svg:src-over" name="Portfolio" opacity="1.0" visibility="visible"><layer composite-op="svg:src-over" name="If you do it right," opacity="1.0" src="data/005-000.png" visibility="visible" x="771" y="1961" /><layer composite-op="svg:src-over" name="portfolio" opacity="1.0" src="data/005-001.png" visibility="visible" x="653" y="1856" /><stack composite-op="svg:src-over" name="Image 1" opacity="1.0" visibility="visible"><layer composite-op="svg:src-over" name="My creative ability #2" opacity="1.0" src="data/005-003-000.png" visibility="visible" x="212" y="2515" /><layer composite-op="svg:src-over" name="Project Here #2" opacity="1.0" src="data/005-003-001.png" visibility="visible" x="211" y="2481" /><layer composite-op="svg:src-over" name="Path #9" opacity="1.0" src="data/005-003-002.png" visibility="visible" x="180" y="2454" /><layer composite-op="svg:src-over" name="Image #4" opacity="1.0" src="data/005-003-003.png" visibility="visible" x="180" y="2084" /></stack><stack composite-op="svg:src-over" name="Image 2" opacity="1.0" visibility="visible"><layer composite-op="svg:src-over" name="My creative ability #1" opacity="1.0" src="data/005-004-000.png" visibility="visible" x="751" y="2515" /><layer composite-op="svg:src-over" name="Project Here #1" opacity="1.0" src="data/005-004-001.png" visibility="visible" x="750" y="2481" /><layer composite-op="svg:src-over" name="Path #8" opacity="1.0" src="data/005-004-002.png" visibility="visible" x="719" y="2454" /><layer composite-op="svg:src-over" name="Image #3" opacity="1.0" src="data/005-004-003.png" visibility="visible" x="719" y="2084" /></stack><stack composite-op="svg:src-over" name="Image 3" opacity="1.0" visibility="visible"><layer composite-op="svg:src-over" name="Project Here" opacity="1.0" src="data/005-005-000.png" visibility="visible" x="1288" y="2481" /><layer composite-op="svg:src-over" name="My creative ability" opacity="1.0" src="data/005-005-001.png" visibility="visible" x="1289" y="2515" /><layer composite-op="svg:src-over" name="Path #7" opacity="1.0" src="data/005-005-002.png" visibility="visible" x="1257" y="2454" /><layer composite-op="svg:src-over" name="Image #2" opacity="1.0" src="data/005-005-003.png" visibility="visible" x="1257" y="2084" /></stack><layer composite-op="svg:src-over" name="Path #6" opacity="1.0" src="data/005-005.png" visibility="visible" x="-1" y="1781" /><layer composite-op="svg:src-over" name="Composite Path" opacity="1.0" src="data/005-006.png" visibility="visible" x="882" y="2639" /><layer composite-op="svg:src-over" name="Show Me More" opacity="1.0" src="data/005-007.png" visibility="visible" x="904" y="2655" /></stack><stack composite-op="svg:src-over" name="About" opacity="1.0" visibility="visible"><stack composite-op="svg:src-over" name="Image #1" opacity="1.0" visibility="visible"><layer composite-op="svg:src-over" name="Image" opacity="1.0" src="data/006-001-000.png" visibility="visible" x="407" y="3115" /><layer composite-op="svg:src-over" name="Path #5" opacity="1.0" src="data/006-001-001.png" visibility="visible" x="394" y="3053" /><layer composite-op="svg:src-over" name="Path #4" opacity="1.0" src="data/006-001-002.png" visibility="visible" x="653" y="3090" /></stack><stack composite-op="svg:src-over" name="Info" opacity="1.0" visibility="visible"><layer composite-op="svg:src-over" name="Lorem ipsum dolor si #1" opacity="1.0" src="data/006-002-000.png" visibility="visible" x="982" y="3347" /><layer composite-op="svg:src-over" name="Lorem ipsum dolor si" opacity="1.0" src="data/006-002-001.png" visibility="visible" x="987" y="3127" /><layer composite-op="svg:src-over" name="Path #3" opacity="1.0" src="data/006-002-002.png" visibility="visible" x="979" y="3319" /></stack><layer composite-op="svg:src-over" name="Less is more work" opacity="1.0" src="data/006-002.png" visibility="visible" x="865" y="2951" /><layer composite-op="svg:src-over" name="about" opacity="1.0" src="data/006-003.png" visibility="visible" x="749" y="2849" /></stack><stack composite-op="svg:src-over" name="Footer" opacity="1.0" visibility="visible"><layer composite-op="svg:src-over" name="We are born to creat" opacity="1.0" src="data/007-000.png" visibility="visible" x="850" y="3763" /><layer composite-op="svg:src-over" name="contact" opacity="1.0" src="data/007-001.png" visibility="visible" x="680" y="3667" /><layer composite-op="svg:src-over" name="Feel free to drop us" opacity="1.0" src="data/007-002.png" visibility="visible" x="377" y="3933" /><layer composite-op="svg:src-over" name="leonagency@mail.com" opacity="1.0" src="data/007-003.png" visibility="visible" x="420" y="4014" /><layer composite-op="svg:src-over" name="Path #2" opacity="1.0" src="data/007-004.png" visibility="visible" x="373" y="4037" /><stack composite-op="svg:src-over" name="Social" opacity="1.0" visibility="visible"><layer composite-op="svg:src-over" name="Find us on social ne" opacity="1.0" src="data/007-006-000.png" visibility="visible" x="481" y="4115" /><layer composite-op="svg:src-over" name="dribble" opacity="1.0" src="data/007-006-001.png" visibility="visible" x="755" y="4116" /><layer composite-op="svg:src-over" name="google" opacity="1.0" src="data/007-006-002.png" visibility="visible" x="704" y="4116" /><layer composite-op="svg:src-over" name="twitter" opacity="1.0" src="data/007-006-003.png" visibility="visible" x="805" y="4118" /></stack><layer composite-op="svg:src-over" name="Path #1" opacity="1.0" src="data/007-006.png" visibility="visible" x="-1" y="3578" /></stack><stack composite-op="svg:src-over" name="Bottom Footer" opacity="1.0" visibility="visible"><layer composite-op="svg:src-over" name=" © 2019 - Leon,All R" opacity="1.0" src="data/008-000.png" visibility="visible" x="848" y="4343" /><layer composite-op="svg:src-over" name="Path" opacity="1.0" src="data/008-001.png" visibility="visible" x="-1" y="4298" /></stack><layer composite-op="svg:src-over" name="Background" opacity="1.0" src="data/008.png" visibility="visible" x="0" y="0" /></stack></image>